<annotation>
	<folder>train1</folder>
	<filename>11.jpg</filename>
	<path>C:/Users/mertk/OneDrive/Desktop/train1/11.jpg</path>
	<source>
		<database>Unknown</database>
	</source>
	<size>
		<width>300</width>
		<height>300</height>
		<depth>3</depth>
	</size>
	<segmented>0</segmented>
	<object>
		<name>Maske yok</name>
		<pose>Unspecified</pose>
		<truncated>0</truncated>
		<difficult>0</difficult>
		<bndbox>
			<xmin>48</xmin>
			<ymin>4</ymin>
			<xmax>288</xmax>
			<ymax>270</ymax>
		</bndbox>
	</object>
</annotation>
