<annotation>
	<folder>train1</folder>
	<filename>12-with-mask.jpg</filename>
	<path>C:/Users/mertk/OneDrive/Desktop/train1/12-with-mask.jpg</path>
	<source>
		<database>Unknown</database>
	</source>
	<size>
		<width>300</width>
		<height>300</height>
		<depth>3</depth>
	</size>
	<segmented>0</segmented>
	<object>
		<name>Maske var</name>
		<pose>Unspecified</pose>
		<truncated>0</truncated>
		<difficult>0</difficult>
		<bndbox>
			<xmin>110</xmin>
			<ymin>73</ymin>
			<xmax>187</xmax>
			<ymax>233</ymax>
		</bndbox>
	</object>
</annotation>
