<annotation>
	<folder>train1</folder>
	<filename>6-with-mask.jpg</filename>
	<path>C:/Users/mertk/OneDrive/Desktop/train1/6-with-mask.jpg</path>
	<source>
		<database>Unknown</database>
	</source>
	<size>
		<width>300</width>
		<height>300</height>
		<depth>3</depth>
	</size>
	<segmented>0</segmented>
	<object>
		<name>Maske var</name>
		<pose>Unspecified</pose>
		<truncated>0</truncated>
		<difficult>0</difficult>
		<bndbox>
			<xmin>130</xmin>
			<ymin>19</ymin>
			<xmax>240</xmax>
			<ymax>203</ymax>
		</bndbox>
	</object>
</annotation>
