<annotation>
	<folder>train1</folder>
	<filename>6.jpg</filename>
	<path>C:/Users/mertk/OneDrive/Desktop/train1/6.jpg</path>
	<source>
		<database>Unknown</database>
	</source>
	<size>
		<width>300</width>
		<height>300</height>
		<depth>3</depth>
	</size>
	<segmented>0</segmented>
	<object>
		<name>Maske yok</name>
		<pose>Unspecified</pose>
		<truncated>0</truncated>
		<difficult>0</difficult>
		<bndbox>
			<xmin>64</xmin>
			<ymin>27</ymin>
			<xmax>179</xmax>
			<ymax>218</ymax>
		</bndbox>
	</object>
</annotation>
