<annotation>
	<folder>train1</folder>
	<filename>7.jpg</filename>
	<path>C:/Users/mertk/OneDrive/Desktop/train1/7.jpg</path>
	<source>
		<database>Unknown</database>
	</source>
	<size>
		<width>300</width>
		<height>300</height>
		<depth>3</depth>
	</size>
	<segmented>0</segmented>
	<object>
		<name>Maske yok</name>
		<pose>Unspecified</pose>
		<truncated>0</truncated>
		<difficult>0</difficult>
		<bndbox>
			<xmin>5</xmin>
			<ymin>6</ymin>
			<xmax>171</xmax>
			<ymax>228</ymax>
		</bndbox>
	</object>
</annotation>
