<annotation>
	<folder>train1</folder>
	<filename>9.jpg</filename>
	<path>C:/Users/mertk/OneDrive/Desktop/train1/9.jpg</path>
	<source>
		<database>Unknown</database>
	</source>
	<size>
		<width>300</width>
		<height>300</height>
		<depth>3</depth>
	</size>
	<segmented>0</segmented>
	<object>
		<name>Maske yok</name>
		<pose>Unspecified</pose>
		<truncated>0</truncated>
		<difficult>0</difficult>
		<bndbox>
			<xmin>25</xmin>
			<ymin>6</ymin>
			<xmax>277</xmax>
			<ymax>272</ymax>
		</bndbox>
	</object>
</annotation>
